train/std,train/value_loss,time/iterations,rollout/ep_len_mean,train/loss,time/total_timesteps,train/n_updates,time/fps,train/entropy_loss,train/explained_variance,train/clip_range,rollout/ep_rew_mean,train/policy_gradient_loss,time/time_elapsed,train/learning_rate,train/approx_kl,train/clip_fraction,eval/mean_ep_length,eval/mean_reward
0.9990190863609314,0.2690115213394165,10,36.45,-0.0840652659535408,327680,90,5486,-24.120472526550294,0.7721592783927917,0.2,203.69165269000004,-0.014325237408047541,59,0.0003,0.013581425,0.1053466796875,,
0.9937339425086975,0.08599757142364979,20,54.1,-0.12558478116989136,655360,190,5542,-24.003285884857178,0.9290440082550049,0.2,282.25209981,-0.013807530939811841,118,0.0003,0.010479006,0.0909637451171875,,
0.9889888763427734,0.05968905370682478,30,59.93,-0.13028475642204285,983040,290,5572,-23.91177110671997,0.9513226747512817,0.2,325.95967231,-0.012701382790692151,176,0.0003,0.009384461,0.07606201171875,,
0.9883483648300171,0.05946614239364863,,,-0.1309555470943451,1000000,300,,-23.900430107116698,0.9513900279998779,0.2,,-0.013917966291774064,,0.0003,0.010774551,0.0864593505859375,72.4,426.8525098800659
0.9858111143112183,0.04977603275328875,40,63.94,-0.13320386409759521,1310720,390,5585,-23.836972045898438,0.960989236831665,0.2,357.00682484000004,-0.014051968441344797,234,0.0003,0.01163305,0.103466796875,,
0.9804592132568359,0.03991878088563681,50,69.03,-0.1331232786178589,1638400,490,5596,-23.722800540924073,0.9695761799812317,0.2,405.83590633,-0.013761807582341135,292,0.0003,0.011208727,0.100982666015625,,
0.9760854244232178,0.052785858139395715,60,77.68,-0.13068938255310059,1966080,590,5602,-23.628812885284425,0.963664174079895,0.2,460.55676568,-0.013738677767105401,350,0.0003,0.0115998825,0.10269775390625,,
0.974727988243103,0.04864999186247587,,,-0.1329040825366974,2000000,610,,-23.599901962280274,0.9667709469795227,0.2,,-0.014317275816574692,,0.0003,0.01198823,0.1093536376953125,98.0,697.6318645477295
0.9709463715553284,0.06310432814061642,70,86.94,-0.12915253639221191,2293760,690,5601,-23.53299036026001,0.9596580266952515,0.2,522.7420011400001,-0.013965527142863721,409,0.0003,0.01156688,0.0983062744140625,,
0.971272885799408,0.06022192034870386,80,90.13,-0.13013844192028046,2621440,790,5598,-23.490259456634522,0.960950493812561,0.2,557.8922553499999,-0.014485111949034036,468,0.0003,0.012358362,0.10821533203125,,
0.9724453091621399,0.06129192188382149,90,95.95,-0.12929092347621918,2949120,890,5598,-23.48721876144409,0.9615951776504517,0.2,628.86567749,-0.014514347084332257,526,0.0003,0.011932401,0.10482177734375,,
0.9741137027740479,0.06468628905713558,,,-0.12819913029670715,3000000,910,,-23.51571407318115,0.9614033699035645,0.2,,-0.014166149191441945,,0.0003,0.011875549,0.110552978515625,91.0,669.7680638551712
0.9761949181556702,0.061665499769151214,100,99.73,-0.12965895235538483,3276800,990,5594,-23.540267753601075,0.9609336256980896,0.2,663.2741590299999,-0.014448825223371386,585,0.0003,0.013804473,0.111651611328125,,
0.9734134674072266,0.05236656051129103,110,101.96,-0.13231654465198517,3604480,1090,5594,-23.483084869384765,0.9659867882728577,0.2,702.02071499,-0.01455605067894794,644,0.0003,0.012326572,0.1126708984375,,
0.9705662727355957,0.04900449682027101,120,105.64,-0.1319824457168579,3932160,1190,5591,-23.406886100769043,0.967414140701294,0.2,736.7809134900001,-0.014756125351414084,703,0.0003,0.012676991,0.1192108154296875,,
0.9709026217460632,0.053352709487080575,,,-0.13139191269874573,4000000,1220,,-23.40701608657837,0.9637641906738281,0.2,,-0.014847156728501431,,0.0003,0.013506838,0.1142608642578125,102.0,837.3545728445054
0.9736475348472595,0.054538295976817606,130,112.65,-0.1315995305776596,4259840,1290,5585,-23.440639400482176,0.9635002613067627,0.2,799.6291083299999,-0.015356440981850027,762,0.0003,0.013423002,0.1173858642578125,,
0.9792671203613281,0.04915063679218292,140,111.64,-0.132634699344635,4587520,1390,5583,-23.510509300231934,0.9659563899040222,0.2,786.2431756300002,-0.015243484498932957,821,0.0003,0.013816403,0.1220703125,,
0.9789601564407349,0.05034817326813936,150,116.98,-0.13289782404899597,4915200,1490,5582,-23.491391468048096,0.9659398794174194,0.2,865.4095945700001,-0.015786847955314442,880,0.0003,0.013585769,0.119818115234375,,
0.9816151857376099,0.04916790407150984,,,-0.13465432822704315,5000000,1520,,-23.53054714202881,0.9669095277786255,0.2,,-0.015744737768545746,,0.0003,0.013819355,0.11944580078125,107.8,930.2881703317165
0.9823622107505798,0.05272843223065138,160,122.52,-0.1328180879354477,5242880,1590,5576,-23.52985668182373,0.9630842208862305,0.2,946.35111464,-0.016471320315031335,940,0.0003,0.013848477,0.129864501953125,,
0.9846556186676025,0.05515270307660103,170,133.16,-0.1363920420408249,5570560,1690,5575,-23.54382791519165,0.9616110324859619,0.2,1071.5179780600001,-0.017392901578568855,999,0.0003,0.014862953,0.1288177490234375,,
0.9847080111503601,0.0558035459369421,180,133.42,-0.13711513578891754,5898240,1790,5575,-23.517758750915526,0.9603228569030762,0.2,1100.39047746,-0.018418849736917764,1057,0.0003,0.015810046,0.1376068115234375,,
0.9857449531555176,0.06426433902233838,,,-0.13439621031284332,6000000,1830,,-23.521021842956543,0.9572734832763672,0.2,,-0.018041984515730292,,0.0003,0.015644066,0.1324462890625,145.8,1311.3167300999164
0.984738290309906,0.061598698422312734,190,149.04,-0.1365433782339096,6225920,1890,5573,-23.475926685333253,0.959341824054718,0.2,1284.6211275499998,-0.018856314453296365,1117,0.0003,0.01615917,0.143756103515625,,
0.9835218787193298,0.07237016968429089,200,161.02,-0.13333258032798767,6553600,1990,5573,-23.43714246749878,0.9535002112388611,0.2,1471.8738705600003,-0.01815914666512981,1175,0.0003,0.0154204015,0.13450927734375,,
0.9832085967063904,0.05782824270427227,210,170.82,-0.13719506561756134,6881280,2090,5573,-23.39611759185791,0.9590991735458374,0.2,1574.5025403099996,-0.019301006392925046,1234,0.0003,0.0165725,0.1464508056640625,,
0.9820480346679688,0.06930366382002831,,,-0.13396033644676208,7000000,2130,,-23.373225116729735,0.9525119066238403,0.2,,-0.019295708101708442,,0.0003,0.016080875,0.1460540771484375,198.4,2071.2640077114106
0.9834738373756409,0.060834653303027154,220,174.86,-0.13518010079860687,7208960,2190,5571,-23.375843620300294,0.958577036857605,0.2,1693.0513524200003,-0.018404553912114353,1293,0.0003,0.015156586,0.13853759765625,,
0.9875755310058594,0.06125707644969225,230,185.99,-0.13694779574871063,7536640,2290,5571,-23.43229932785034,0.9544543623924255,0.2,1847.7594772,-0.019544603675603865,1352,0.0003,0.016225591,0.1547027587890625,,
0.9902639985084534,0.06298211086541414,240,193.11,-0.1367441713809967,7864320,2390,5572,-23.424701499938966,0.9533368349075317,0.2,1979.91106114,-0.019047899573342873,1411,0.0003,0.01630918,0.142437744140625,,
0.9916258454322815,0.06014970652759075,,,-0.1364922970533371,8000000,2440,,-23.441189193725585,0.9536004066467285,0.2,,-0.020010630984324963,,0.0003,0.017386848,0.15211181640625,268.2,3273.1438579559326
0.9944990873336792,0.056321388483047484,250,210.77,-0.13903649151325226,8192000,2490,5569,-23.461142921447752,0.9577558636665344,0.2,2254.5817233000002,-0.019854060438228772,1470,0.0003,0.016845211,0.1495849609375,,
0.9983481168746948,0.06345651093870401,260,212.96,-0.13530485332012177,8519680,2590,5570,-23.485142326354982,0.9520903825759888,0.2,2285.9750492200005,-0.01832619052147493,1529,0.0003,0.016787868,0.1483154296875,,
1.0009571313858032,0.06437231339514256,270,227.51,-0.13654431700706482,8847360,2690,5572,-23.49916753768921,0.9485338926315308,0.2,2539.70208758,-0.019661875651218,1587,0.0003,0.017885346,0.1465911865234375,,
1.0047342777252197,0.06054609809070825,,,-0.13826988637447357,9000000,2740,,-23.52602300643921,0.9476593732833862,0.2,,-0.01925343059701845,,0.0003,0.016771179,0.1452972412109375,355.0,4791.687263059616
1.0073692798614502,0.061371507309377196,280,234.67,-0.13873493671417236,9175040,2790,5568,-23.564105224609374,0.9508727788925171,0.2,2581.66759843,-0.019449884892674164,1647,0.0003,0.016511261,0.1488739013671875,,
1.0157582759857178,0.05919183976948261,290,258.81,-0.1410389393568039,9502720,2890,5569,-23.650657081604002,0.9475854635238647,0.2,3000.85576569,-0.019980249914806337,1706,0.0003,0.017086849,0.1530609130859375,,
1.0213408470153809,0.0686913076788187,300,255.51,-0.13713952898979187,9830400,2990,5570,-23.72288284301758,0.9381033778190613,0.2,3085.33634175,-0.018774252547882498,1764,0.0003,0.01637606,0.1465972900390625,,
1.0247629880905151,0.0567717220634222,,,-0.1407226324081421,10000000,3050,,-23.77601613998413,0.9518837332725525,0.2,,-0.019437370414379984,,0.0003,0.01677856,0.15087890625,439.2,6195.347839045525
1.0274629592895508,0.06802667640149593,310,278.82,-0.13850602507591248,10158080,3090,5566,-23.806990146636963,0.9400978088378906,0.2,3451.7729599899994,-0.019818552013020962,1824,0.0003,0.017168343,0.14603271484375,,
1.0319714546203613,0.058312022127211094,320,283.49,-0.13948462903499603,10485760,3190,5567,-23.837832546234132,0.9444641470909119,0.2,3542.7545441899997,-0.019434759620344265,1883,0.0003,0.017393,0.149029541015625,,
1.0370341539382935,0.05989939421415329,330,301.91,-0.14026978611946106,10813440,3290,5568,-23.911767196655273,0.9386002421379089,0.2,3809.6240902600002,-0.01982065011980012,1941,0.0003,0.017165959,0.1504150390625,,
1.0391417741775513,0.04680290576070547,,,-0.14488990604877472,11000000,3350,,-23.94048147201538,0.9458422660827637,0.2,,-0.020722498942632228,,0.0003,0.017669035,0.162286376953125,417.6,5975.9859607696535
1.0409812927246094,0.05299691036343575,340,314.52,-0.14370405673980713,11141120,3390,5566,-23.950432777404785,0.9412394165992737,0.2,4024.2323514400005,-0.02046627029776573,2001,0.0003,0.017978363,0.1556060791015625,,
1.052552342414856,0.04484480936080217,350,328.84,-0.14616946876049042,11468800,3490,5567,-24.09966926574707,0.9469950795173645,0.2,4301.577773059999,-0.020627271465491502,2059,0.0003,0.017153792,0.154949951171875,,
1.0605520009994507,0.04356001988053322,360,329.42,-0.14658769965171814,11796480,3590,5568,-24.167490768432618,0.9458498954772949,0.2,4270.598827,-0.02028051165980287,2118,0.0003,0.01729025,0.154058837890625,,
1.0663728713989258,0.04130153954029083,,,-0.1469331979751587,12000000,3660,,-24.244981002807616,0.9486728310585022,0.2,,-0.01938446508720517,,0.0003,0.01641857,0.1419403076171875,405.0,5951.633697319031
1.0690165758132935,0.03910128008574247,370,297.2,-0.1471346765756607,12124160,3690,5565,-24.269255065917967,0.9540494084358215,0.2,3924.74327888,-0.019416421052301302,2178,0.0003,0.016930088,0.1489471435546875,,
1.079732060432434,0.034914189018309116,380,318.43,-0.15030159056186676,12451840,3790,5566,-24.42265272140503,0.9536738991737366,0.2,4234.24913638,-0.02039865266997367,2236,0.0003,0.017506657,0.1537750244140625,,
1.0922362804412842,0.032263153605163096,390,345.98,-0.14911791682243347,12779520,3890,5567,-24.56697235107422,0.9572029709815979,0.2,4781.58227945,-0.019186939159408212,2295,0.0003,0.016803037,0.15562744140625,,
1.0981841087341309,0.03283584155142307,,,-0.1521044373512268,13000000,3960,,-24.651496982574464,0.9570099711418152,0.2,,-0.01974750015651807,,0.0003,0.018436018,0.148614501953125,291.4,3968.668977880478
1.1023551225662231,0.032613941468298435,400,342.79,-0.15157079696655273,13107200,3990,5565,-24.705553436279295,0.9585071206092834,0.2,4798.6708026999995,-0.019896453147521243,2355,0.0003,0.018020507,0.157623291015625,,
1.1155421733856201,0.02581279128789902,410,346.69,-0.15414708852767944,13434880,4090,5566,-24.86500539779663,0.9631348848342896,0.2,4846.98421598,-0.02002934236661531,2413,0.0003,0.01778049,0.1514434814453125,,
1.1283154487609863,0.027530299965292215,420,331.83,-0.15536010265350342,13762560,4190,5567,-25.031430339813234,0.961554229259491,0.2,4579.94428235,-0.020152384729590266,2471,0.0003,0.01927424,0.1551971435546875,,
1.138737440109253,0.02593558020889759,,,-0.15490177273750305,14000000,4270,,-25.18475122451782,0.9624574780464172,0.2,,-0.02023287609918043,,0.0003,0.017760515,0.158697509765625,384.0,5936.124622631073
1.1406458616256714,0.02451398577541113,430,353.27,-0.15476830303668976,14090240,4290,5565,-25.20046043395996,0.9674269556999207,0.2,5035.7551154699995,-0.019809079670812933,2531,0.0003,0.01711032,0.1518951416015625,,
1.152945637702942,0.02448970638215542,440,338.42,-0.15753664076328278,14417920,4390,5565,-25.32620668411255,0.9651739597320557,0.2,4768.11617856,-0.019906661350978537,2590,0.0003,0.017397773,0.1467315673828125,,
1.1619817018508911,0.0231906371191144,450,333.02,-0.1582956314086914,14745600,4490,5566,-25.44636869430542,0.9647546410560608,0.2,4780.8762620200005,-0.020132867398206144,2648,0.0003,0.01857185,0.1580780029296875,,
1.1724481582641602,0.02560486001893878,,,-0.15910479426383972,15000000,4570,,-25.568263244628906,0.9627131819725037,0.2,,-0.020592360489536075,,0.0003,0.018757861,0.15848388671875,372.8,5836.304840183258
1.1729652881622314,0.025646662339568138,460,340.32,-0.15921971201896667,15073280,4590,5564,-25.572064876556396,0.9610772132873535,0.2,4873.72925245,-0.020673579873982818,2708,0.0003,0.01837307,0.1536224365234375,,
1.1828043460845947,0.02405131533741951,470,347.42,-0.1573570966720581,15400960,4690,5565,-25.678901863098144,0.9660476446151733,0.2,5091.0213783300005,-0.019601772434543818,2767,0.0003,0.017849274,0.159625244140625,,
1.2003377676010132,0.018219349998980762,480,350.09,-0.15955641865730286,15728640,4790,5566,-25.897216510772704,0.9714187979698181,0.2,5184.31273989,-0.020410963689209895,2825,0.0003,0.018668966,0.167376708984375,,
1.2146785259246826,0.023489073477685453,,,-0.1604456901550293,16000000,4880,,-26.060893058776855,0.9626715779304504,0.2,,-0.019907091456116178,,0.0003,0.01780583,0.16226806640625,384.4,5968.691352558136
1.21614670753479,0.019985312037169932,490,349.1,-0.16023778915405273,16056320,4890,5564,-26.080219745635986,0.9677592515945435,0.2,5154.04846639,-0.01983403000049293,2885,0.0003,0.017775685,0.1599578857421875,,
1.229486346244812,0.01865270212292671,500,310.79,-0.16188473999500275,16384000,4990,5565,-26.239396572113037,0.9684962630271912,0.2,4446.9895943,-0.019799070921726523,2944,0.0003,0.017759971,0.1565216064453125,,
1.2418066263198853,0.015485532395541669,510,348.67,-0.16440606117248535,16711680,5090,5566,-26.3722843170166,0.9749044179916382,0.2,5171.244714090001,-0.02067116356920451,3002,0.0003,0.018245235,0.16123046875,,
1.2536933422088623,0.021382677461951972,,,-0.16135552525520325,17000000,5180,,-26.50252237319946,0.9660986661911011,0.2,,-0.019507524964865297,,0.0003,0.017230341,0.1539947509765625,383.6,5987.147689437867
1.255330204963684,0.018966675736010075,520,326.98,-0.16307656466960907,17039360,5190,5564,-26.514833831787108,0.9694169759750366,0.2,4767.1457811400005,-0.019053209287812935,3062,0.0003,0.017900895,0.1513275146484375,,
1.2694636583328247,0.019583088532090186,530,360.88,-0.16425947844982147,17367040,5290,5565,-26.674659538269044,0.9684746861457825,0.2,5368.6085628499995,-0.019568675319897012,3120,0.0003,0.0168055,0.15496826171875,,
1.2864738702774048,0.017689013620838523,540,363.79,-0.1673174649477005,17694720,5390,5566,-26.87221403121948,0.972904622554779,0.2,5397.4601901099995,-0.020905981096439062,3178,0.0003,0.020058235,0.16766357421875,,
1.3005536794662476,0.021926391497254373,,,-0.1647065132856369,18000000,5490,,-27.012086486816408,0.9670620560646057,0.2,,-0.019829766219481827,,0.0003,0.018201526,0.1647918701171875,350.8,5032.520565271378
,,550,364.38,,18022400,,5564,,,,5367.69692623,,3238,,,,,
1.313916802406311,0.01686012842692435,560,373.43,-0.16805174946784973,18350080,5590,5565,-27.11728858947754,0.9723526239395142,0.2,5541.29829116,-0.0196785737760365,3296,0.0003,0.017758768,0.1479339599609375,,
1.3285199403762817,0.013917346252128482,570,349.63,-0.1690082550048828,18677760,5690,5566,-27.287428283691405,0.9765874743461609,0.2,5134.252604220001,-0.020041494572069496,3355,0.0003,0.017564893,0.1490020751953125,,
1.344451904296875,0.01669451892375946,,,-0.16717484593391418,19000000,5790,,-27.469006538391113,0.9728329181671143,0.2,,-0.01955627664574422,,0.0003,0.017552696,0.15908203125,392.0,6333.227669525147
,,580,362.13,,19005440,,5564,,,,5367.653402749999,,3415,,,,,
1.3564412593841553,0.018493043910712003,590,367.33,-0.1700357347726822,19333120,5890,5564,-27.6047456741333,0.9706594347953796,0.2,5495.409286859999,-0.02077372631756589,3474,0.0003,0.019000035,0.1616943359375,,
1.3686118125915527,0.020804409589618444,600,372.29,-0.1707865446805954,19660800,5990,5565,-27.717051792144776,0.9643830060958862,0.2,5441.860806169999,-0.02010623347014189,3532,0.0003,0.01762158,0.15550537109375,,
1.388651967048645,0.020659842435270546,610,415.01,-0.17178089916706085,19988480,6090,5566,-27.93095769882202,0.9648826122283936,0.2,6136.971242489997,-0.019891838741023092,3590,0.0003,0.018592719,0.1519500732421875,,
1.3905208110809326,0.013594158133491874,,,-0.17475615441799164,20000000,6100,,-27.949465370178224,0.9767173528671265,0.2,,-0.020826913689961656,,0.0003,0.018533126,0.15052490234375,588.2,8534.554587078466
1.4039709568023682,0.017085871333256362,620,381.88,-0.1727781891822815,20316160,6190,5563,-28.08168821334839,0.9710270166397095,0.2,5638.992055540001,-0.02028686203993857,3651,0.0003,0.01836621,0.165374755859375,,
1.4202418327331543,0.018770103622227908,630,369.76,-0.17440363764762878,20643840,6290,5563,-28.225447845458984,0.9687104821205139,0.2,5606.161079459999,-0.020800905069336295,3710,0.0003,0.018818503,0.160302734375,,
1.4278970956802368,0.019225804693996908,640,385.18,-0.17380419373512268,20971520,6390,5563,-28.284658908843994,0.9689438939094543,0.2,5688.956531459999,-0.019684297521598636,3769,0.0003,0.018524498,0.156402587890625,,
1.4285868406295776,0.02031445736065507,,,-0.1744646430015564,21000000,6400,,-28.292677307128905,0.965032160282135,0.2,,-0.02064533975208178,,0.0003,0.018145103,0.1559356689453125,481.4,7029.522531568492
1.4443585872650146,0.01866540778428316,650,402.78,-0.1753629744052887,21299200,6490,5561,-28.430799865722655,0.9679843783378601,0.2,5781.03826759,-0.021136792877223344,3829,0.0003,0.018668707,0.1581787109375,,
1.4635993242263794,0.0186337785795331,660,424.58,-0.17679409682750702,21626880,6590,5562,-28.60875310897827,0.9678851366043091,0.2,6168.960106279999,-0.021235824027098716,3888,0.0003,0.018499363,0.1581573486328125,,
1.4845571517944336,0.019877005368471146,670,417.59,-0.17837785184383392,21954560,6690,5563,-28.83469476699829,0.9632079005241394,0.2,6087.840671139999,-0.021319910255260765,3946,0.0003,0.019306026,0.1567657470703125,,
1.4893633127212524,0.023317919671535493,,,-0.1777270883321762,22000000,6710,,-28.87196798324585,0.9593592882156372,0.2,,-0.021276653720997275,,0.0003,0.020057723,0.164501953125,444.0,7063.403689289093
1.5088481903076172,0.023215095978230238,680,445.32,-0.17753519117832184,22282240,6790,5561,-29.0516827583313,0.9625765681266785,0.2,6476.252336730001,-0.020835200749570505,4006,0.0003,0.018196227,0.1621673583984375,,
1.5272928476333618,0.021634284034371377,690,447.92,-0.18102625012397766,22609920,6890,5562,-29.23972806930542,0.9611584544181824,0.2,6399.363944630001,-0.021792605961672963,4064,0.0003,0.019021472,0.159918212890625,,
1.5454150438308716,0.02198547460138798,700,447.27,-0.17960961163043976,22937600,6990,5562,-29.40245532989502,0.9645501375198364,0.2,6597.93893694,-0.021416220627725125,4123,0.0003,0.020391274,0.169189453125,,
1.550707459449768,0.01912720864638686,,,-0.18099576234817505,23000000,7010,,-29.44980459213257,0.9650143384933472,0.2,,-0.021327294316142796,,0.0003,0.018777234,0.152838134765625,626.8,9330.04440567852
1.5665115118026733,0.023556907940655947,710,459.34,-0.18106871843338013,23265280,7090,5560,-29.598660469055176,0.9608944654464722,0.2,6701.29656881,-0.021245392592391,4184,0.0003,0.020188276,0.1639495849609375,,
1.582717776298523,0.020229405164718627,720,464.05,-0.1819484680891037,23592960,7190,5560,-29.753501319885252,0.9673410654067993,0.2,6628.092024050001,-0.021683333488181234,4242,0.0003,0.019879451,0.156915283203125,,
1.6011364459991455,0.02028148975223303,730,497.84,-0.18199706077575684,23920640,7290,5561,-29.95396718978882,0.9716142416000366,0.2,6945.6206926899995,-0.02051610976923257,4300,0.0003,0.019125437,0.159130859375,,
1.6078139543533325,0.02081940034404397,,,-0.1835322082042694,24000000,7320,,-29.998736095428466,0.970147967338562,0.2,,-0.021015746146440507,,0.0003,0.01937014,0.1583831787109375,466.2,6334.632724184916
1.621931552886963,0.02237156005576253,740,460.97,-0.18256030976772308,24248320,7390,5560,-30.106758308410644,0.9700769782066345,0.2,6479.54974897,-0.020992485096212477,4361,0.0003,0.02003709,0.16282958984375,,
1.6441007852554321,0.020348351635038852,750,460.62,-0.18436230719089508,24576000,7490,5560,-30.310368728637695,0.9698778390884399,0.2,6435.58488768,-0.021153998916270213,4419,0.0003,0.019286914,0.1507232666015625,,
1.6598964929580688,0.02386640477925539,760,472.21,-0.18401126563549042,24903680,7590,5561,-30.451848316192628,0.9634823203086853,0.2,6582.837981809999,-0.02108441754244268,4478,0.0003,0.020297954,0.16226806640625,,
1.665915846824646,0.02274163318797946,,,-0.18113389611244202,25000000,7620,,-30.474934768676757,0.9707029461860657,0.2,,-0.019725361815653743,,0.0003,0.019031342,0.1610748291015625,560.6,8101.0071689317465
1.6816112995147705,0.022852955479174854,770,462.51,-0.18817618489265442,25231360,7690,5559,-30.608627605438233,0.9695520401000977,0.2,6430.975149919999,-0.021898799907648935,4538,0.0003,0.02057297,0.1645538330078125,,
1.7039361000061035,0.02030537398532033,780,522.65,-0.18634231388568878,25559040,7790,5559,-30.79385404586792,0.9730618596076965,0.2,7213.992141740001,-0.020833650219719856,4597,0.0003,0.020500505,0.165118408203125,,
1.7335717678070068,0.021398208104074,790,508.77,-0.1867910623550415,25886720,7890,5560,-31.040490245819093,0.9674833416938782,0.2,7236.364024270001,-0.02066718533169478,4655,0.0003,0.019874288,0.1711151123046875,,
1.7441651821136475,0.02074607163667679,,,-0.19004184007644653,26000000,7930,,-31.13052053451538,0.9757850766181946,0.2,,-0.021577852359041572,,0.0003,0.020055989,0.163238525390625,559.2,7676.326298503159
1.760986089706421,0.022446651104837657,800,460.99,-0.18781447410583496,26214400,7990,5557,-31.255301475524902,0.9686309695243835,0.2,6582.426115869998,-0.020047829113900663,4716,0.0003,0.017568901,0.155914306640625,,
1.7802656888961792,0.01958367433398962,810,527.06,-0.19131165742874146,26542080,8090,5558,-31.426451873779296,0.9723595976829529,0.2,7433.82298161,-0.021546085574664177,4775,0.0003,0.019741552,0.1549224853515625,,
1.8088085651397705,0.019066537264734507,820,497.62,-0.19029775261878967,26869760,8190,5558,-31.659665012359618,0.9751124978065491,0.2,6893.53395729,-0.02076604254543781,4834,0.0003,0.020129263,0.1590606689453125,,
1.8189021348953247,0.021415272261947393,,,-0.19223815202713013,27000000,8230,,-31.74017276763916,0.9690530896186829,0.2,,-0.02138660759665072,,0.0003,0.019794509,0.1652191162109375,707.4,10181.245401241631
1.8331252336502075,0.019783477205783127,830,557.99,-0.1920066475868225,27197440,8290,5555,-31.853698539733887,0.9715375304222107,0.2,7895.73677501,-0.020875461329706014,4895,0.0003,0.019637022,0.15589599609375,,
1.8661073446273804,0.019357320573180913,840,514.27,-0.1918327361345291,27525120,8390,5556,-32.111497688293454,0.9760456681251526,0.2,7102.912314370001,-0.01981542322319001,4954,0.0003,0.018628065,0.1532196044921875,,
1.8952075242996216,0.024962994549423457,850,523.06,-0.1911878138780594,27852800,8490,5556,-32.32559242248535,0.9641057848930359,0.2,7361.018664869999,-0.020556044101249428,5012,0.0003,0.020335898,0.1651519775390625,,
1.916374683380127,0.02346616555005312,,,-0.19512847065925598,28000000,8540,,-32.47762470245361,0.9682084918022156,0.2,,-0.02054917054483667,,0.0003,0.018462416,0.1595977783203125,476.2,7110.933592894673
1.9308303594589233,0.018825007043778895,860,546.93,-0.19574514031410217,28180480,8590,5555,-32.602193641662595,0.9747465252876282,0.2,7771.82117421,-0.020378099178196864,5072,0.0003,0.01815655,0.15391845703125,,
1.9588483572006226,0.021754049137234686,870,501.59,-0.19550266861915588,28508160,8690,5556,-32.806698608398435,0.9677215218544006,0.2,7021.812655650001,-0.019724647264229133,5130,0.0003,0.017283598,0.1499847412109375,,
1.9867284297943115,0.020588734559714793,880,527.83,-0.1979997754096985,28835840,8790,5556,-33.03758010864258,0.9716958999633789,0.2,7361.621230350001,-0.021237755159381776,5189,0.0003,0.020011993,0.1670318603515625,,
1.9988107681274414,0.024067397695034742,,,-0.19738025963306427,29000000,8850,,-33.139935684204104,0.961784303188324,0.2,,-0.02068438909482211,,0.0003,0.019032247,0.161224365234375,664.4,9206.266635716893
2.01193904876709,0.0198759731836617,890,520.13,-0.1984844207763672,29163520,8890,5554,-33.22363834381103,0.9700602293014526,0.2,7495.98941291,-0.02126742135733366,5250,0.0003,0.02134893,0.1660797119140625,,
2.045008897781372,0.020048528071492912,900,568.77,-0.1996959000825882,29491200,8990,5555,-33.445315551757815,0.9738332033157349,0.2,8165.38421966,-0.021757186588365583,5308,0.0003,0.021151379,0.1714141845703125,,
2.080106735229492,0.02010888224467635,910,519.78,-0.2015092819929123,29818880,9090,5555,-33.68029384613037,0.9699968695640564,0.2,7609.390488900002,-0.020486153551610188,5367,0.0003,0.019873708,0.1597320556640625,,
2.0931031703948975,0.02228232305496931,,,-0.20121151208877563,30000000,9150,,-33.7872817993164,0.9665493965148926,0.2,,-0.020909775409381836,,0.0003,0.019523572,0.166253662109375,464.4,6312.141270435415
2.105746030807495,0.020092874579131604,920,509.33,-0.20113496482372284,30146560,9190,5554,-33.86538677215576,0.9705777764320374,0.2,7258.863511630001,-0.020811007457086816,5427,0.0003,0.020233907,0.1619415283203125,,
2.129984140396118,0.018537831120193006,930,547.7,-0.2005401849746704,30474240,9290,5555,-34.03389835357666,0.9693498611450195,0.2,7958.526533609999,-0.0201490135921631,5485,0.0003,0.01944618,0.157525634765625,,
2.1646041870117188,0.01986541673541069,940,544.07,-0.20442751049995422,30801920,9390,5555,-34.24995784759521,0.969756543636322,0.2,8004.143266400001,-0.0208653214154765,5544,0.0003,0.020338262,0.1569793701171875,,
2.186687707901001,0.020815251395106316,,,-0.20314231514930725,31000000,9460,,-34.389389228820804,0.9678987264633179,0.2,,-0.02043168796226382,,0.0003,0.019296978,0.165789794921875,685.4,9589.214109388087
2.191866159439087,0.016356029035523533,950,498.74,-0.2034037709236145,31129600,9490,5553,-34.42523078918457,0.9773540496826172,0.2,7214.08025109,-0.020357850403524936,5605,0.0003,0.0197419,0.158905029296875,,
2.234700918197632,0.019700139574706555,960,514.87,-0.20465898513793945,31457280,9590,5553,-34.683396911621095,0.9690597057342529,0.2,7509.764559239999,-0.020306021650321783,5664,0.0003,0.01876432,0.159954833984375,,
2.270185708999634,0.01567752957344055,970,512.12,-0.20780852437019348,31784960,9690,5554,-34.90126190185547,0.9777384400367737,0.2,7538.7122408899995,-0.020195490622427315,5722,0.0003,0.018823277,0.1539764404296875,,
2.2964680194854736,0.02030729642137885,,,-0.20532259345054626,32000000,9760,,-35.06874027252197,0.9670511484146118,0.2,,-0.019989638496190308,,0.0003,0.019211527,0.16483154296875,640.6,9715.822780474415
2.307892084121704,0.013325998745858669,980,507.61,-0.2076798677444458,32112640,9790,5552,-35.139020156860354,0.9781473875045776,0.2,7558.942124599999,-0.01980942436493933,5783,0.0003,0.01907757,0.15181884765625,,
2.3438124656677246,0.01809926424175501,990,520.69,-0.2075945883989334,32440320,9890,5553,-35.3506685256958,0.9699442982673645,0.2,7804.489031689998,-0.0200197605532594,5841,0.0003,0.020084277,0.1658447265625,,
2.3865411281585693,0.022519926261156797,1000,519.68,-0.20947779715061188,32768000,9990,5553,-35.623182678222655,0.96193528175354,0.2,7750.929484339999,-0.02024065731675364,5900,0.0003,0.02046403,0.1621917724609375,,
2.4106552600860596,0.02285233149304986,,,-0.2092372328042984,33000000,10070,,-35.79067897796631,0.9626652002334595,0.2,,-0.020094735018210484,,0.0003,0.020193664,0.150726318359375,625.8,9255.38407281806
2.41802716255188,0.016606675647199153,1010,520.63,-0.20969796180725098,33095680,10090,5551,-35.82726974487305,0.9740838408470154,0.2,7874.61919138,-0.01936571466503665,5961,0.0003,0.019217106,0.1571502685546875,,
2.4523117542266846,0.02369230045005679,1020,467.5,-0.2098274976015091,33423360,10190,5552,-36.03734798431397,0.9606989026069641,0.2,7003.59684932,-0.020227231457829474,6019,0.0003,0.02008798,0.15870361328125,,
2.485140562057495,0.021130410581827165,1030,461.43,-0.21164947748184204,33751040,10290,5552,-36.23784961700439,0.9607612490653992,0.2,6957.988324240001,-0.02004326048772782,6078,0.0003,0.019800123,0.1607025146484375,,
2.513240098953247,0.016245594155043362,,,-0.2141313999891281,34000000,10370,,-36.43445663452148,0.9699565172195435,0.2,,-0.020730803068727256,,0.0003,0.019914698,0.152777099609375,623.2,9210.158973693848
2.525198221206665,0.01760055120103061,1040,528.55,-0.2146310955286026,34078720,10390,5550,-36.48254795074463,0.9694503545761108,0.2,7965.28634858,-0.020476825133664535,6139,0.0003,0.019786105,0.1580535888671875,,
2.553001880645752,0.017161371977999808,1050,535.13,-0.21385130286216736,34406400,10490,5551,-36.65115604400635,0.9708859920501709,0.2,8053.53625832,-0.02008630720083602,6197,0.0003,0.018889174,0.16024169921875,,
2.5865421295166016,0.01935885362327099,1060,550.41,-0.21376655995845795,34734080,10590,5552,-36.84481716156006,0.9661905169487,0.2,8298.615953130002,-0.01944318609312177,6256,0.0003,0.01796332,0.1591827392578125,,
2.611985445022583,0.020335177518427373,,,-0.21433934569358826,35000000,10680,,-36.97689437866211,0.9633309245109558,0.2,,-0.019770924907061272,,0.0003,0.018601097,0.1645477294921875,632.0,10070.339716809987
2.616236686706543,0.021319017000496387,1070,526.95,-0.21693763136863708,35061760,10690,5550,-36.99549865722656,0.9605754017829895,0.2,7977.296316040001,-0.020757948013488202,6317,0.0003,0.019511739,0.153741455078125,,
2.654648542404175,0.019978128001093866,1080,513.58,-0.2162913680076599,35389440,10790,5550,-37.19320545196533,0.9649216532707214,0.2,7710.735354940002,-0.020334515895228833,6375,0.0003,0.01936699,0.1578521728515625,,
2.690857410430908,0.02061046361923218,1090,482.22,-0.21816867589950562,35717120,10890,5550,-37.38745746612549,0.9618852734565735,0.2,7220.06980658,-0.020911645644810052,6434,0.0003,0.020579383,0.1582672119140625,,
2.7243034839630127,0.02019699616357684,,,-0.21797840297222137,36000000,10980,,-37.564993667602536,0.9651459455490112,0.2,,-0.01932590319775045,,0.0003,0.018556217,0.155963134765625,470.0,7264.518051592284
2.7319610118865967,0.022243155632168055,1100,488.73,-0.2181342989206314,36044800,10990,5550,-37.59929580688477,0.9606765508651733,0.2,7339.698903639999,-0.019415269780438393,6494,0.0003,0.019321434,0.15609130859375,,
2.769379138946533,0.020868809055536987,1110,526.04,-0.22153496742248535,36372480,11090,5550,-37.82001857757568,0.963586688041687,0.2,7961.606000699998,-0.020689863932784647,6552,0.0003,0.019910108,0.159906005859375,,
2.8083653450012207,0.019869483448565005,1120,508.06,-0.22008675336837769,36700160,11190,5551,-38.01487407684326,0.9673847556114197,0.2,7740.5593866,-0.018866669025737793,6611,0.0003,0.017970726,0.147314453125,,
2.85262131690979,0.019095008820295335,,,-0.22060105204582214,37000000,11290,,-38.25414543151855,0.9675052165985107,0.2,,-0.019538272428326307,,0.0003,0.018251853,0.1564056396484375,533.8,8156.451834386215
,,1130,527.91,,37027840,,5550,,,,8143.036529100002,,6671,,,,,
2.8957855701446533,0.02071910910308361,1140,524.01,-0.22281917929649353,37355520,11390,5550,-38.48453483581543,0.9646952748298645,0.2,7989.157267500001,-0.019625248713418843,6729,0.0003,0.018598817,0.1558807373046875,,
2.9434409141540527,0.020514544751495122,1150,560.39,-0.2237883061170578,37683200,11490,5551,-38.70281829833984,0.9608046412467957,0.2,8581.31686292,-0.019786701578414067,6788,0.0003,0.018431734,0.1512847900390625,,
3.0075128078460693,0.02270973939448595,,,-0.22347304224967957,38000000,11590,,-39.019010353088376,0.960664689540863,0.2,,-0.019480122323147952,,0.0003,0.01843813,0.144793701171875,640.6,10077.874246105552
,,1160,469.54,,38010880,,5549,,,,7021.04187087,,6849,,,,,
3.048693895339966,0.018484268244355916,1170,535.47,-0.22668687999248505,38338560,11690,5549,-39.2233606338501,0.9651982188224792,0.2,8223.89482225,-0.02029683084692806,6908,0.0003,0.01805542,0.147314453125,,
3.095698595046997,0.020098971854895353,1180,532.74,-0.22835473716259003,38666240,11790,5550,-39.409439659118654,0.9673522114753723,0.2,8041.198866559999,-0.01966978149721399,6966,0.0003,0.019288324,0.153875732421875,,
3.1340978145599365,0.020653271209448577,1190,518.22,-0.2276790887117386,38993920,11890,5550,-39.5531702041626,0.9630476236343384,0.2,7910.32159415,-0.019864590666838922,7025,0.0003,0.018340258,0.1555633544921875,,
3.139286994934082,0.020855664275586605,,,-0.22921054065227509,39000000,11900,,-39.57611217498779,0.9616484642028809,0.2,,-0.02011079250369221,,0.0003,0.019632647,0.1502838134765625,698.4,11006.768723899218
3.181734561920166,0.022837700694799422,1200,497.6,-0.22745001316070557,39321600,11990,5549,-39.775633811950684,0.9604803323745728,0.2,7551.91131105,-0.019751423294655977,7086,0.0003,0.0192401,0.1548614501953125,,
3.235525608062744,0.01869684150442481,1210,481.08,-0.2322429120540619,39649280,12090,5549,-40.0398307800293,0.9678643941879272,0.2,7277.6576598599995,-0.020899942179676147,7144,0.0003,0.020269949,0.162225341796875,,
3.2769155502319336,0.01985075594857335,1220,498.38,-0.23143620789051056,39976960,12190,5549,-40.17066535949707,0.9653515219688416,0.2,7578.82302236,-0.019966845464659856,7203,0.0003,0.019025065,0.15584716796875,,
3.282466173171997,0.018000249564647675,,,-0.23263148963451385,40000000,12200,,-40.21097946166992,0.9712083339691162,0.2,,-0.019903961336240172,,0.0003,0.02171565,0.154034423828125,624.4,10139.79948889017
3.327775716781616,0.016972533240914345,1230,552.53,-0.23618638515472412,40304640,12290,5548,-40.41179275512695,0.9700613021850586,0.2,8472.3686347,-0.020639756065793335,7264,0.0003,0.020193879,0.1653533935546875,,
3.3893158435821533,0.019103361386805774,1240,535.91,-0.23302653431892395,40632320,12390,5548,-40.66440486907959,0.963840663433075,0.2,8290.14011222,-0.01958913579583168,7322,0.0003,0.01858515,0.150958251953125,,
3.4440109729766846,0.018400091119110583,1250,500.26,-0.23706644773483276,40960000,12490,5549,-40.87077808380127,0.9647605419158936,0.2,7586.359177880001,-0.019971568672917783,7381,0.0003,0.018270437,0.1495025634765625,,
3.452864408493042,0.018804779276251793,,,-0.23494720458984375,41000000,12510,,-40.90860843658447,0.964892566204071,0.2,,-0.020081719395238905,,0.0003,0.01887979,0.1458953857421875,630.8,10212.99306290386
3.503875255584717,0.02198384013026953,1260,512.3,-0.23319502174854279,41287680,12590,5547,-41.06886367797851,0.962841272354126,0.2,7780.7925087,-0.019251103675924242,7442,0.0003,0.018379595,0.1492523193359375,,
3.571237802505493,0.024649344943463804,1270,510.79,-0.23365722596645355,41615360,12690,5548,-41.287682342529294,0.9572639465332031,0.2,7802.102097219999,-0.019194397918181495,7500,0.0003,0.018666968,0.149261474609375,,
3.640892267227173,0.02338752169162035,1280,513.95,-0.2372303307056427,41943040,12790,5549,-41.550236511230466,0.9596514105796814,0.2,7927.133459280001,-0.020068061037454753,7558,0.0003,0.019812781,0.153314208984375,,
3.6518378257751465,0.021178660728037358,,,-0.23795698583126068,42000000,12810,,-41.5802698135376,0.9615923762321472,0.2,,-0.01956538695958443,,0.0003,0.019031703,0.1473907470703125,531.0,8155.760095940903
3.7047483921051025,0.0187620785087347,1290,521.75,-0.24085615575313568,42270720,12890,5548,-41.80764999389648,0.9667332768440247,0.2,7911.3757396599985,-0.020158272807020695,7619,0.0003,0.018839326,0.1519561767578125,,
3.773266077041626,0.020598334912210702,1300,521.25,-0.24065427482128143,42598400,12990,5548,-42.04485263824463,0.9661657214164734,0.2,8012.185642089999,-0.019940598169341683,7677,0.0003,0.018927407,0.153216552734375,,
3.8379368782043457,0.018938960786908866,1310,486.22,-0.24163870513439178,42926080,13090,5548,-42.27609100341797,0.9684624075889587,0.2,7445.983331490001,-0.019021804619114846,7736,0.0003,0.01790436,0.1457550048828125,,
3.857546091079712,0.02230039155110717,,,-0.2402937114238739,43000000,13120,,-42.35604743957519,0.9638471007347107,0.2,,-0.019434614875353872,,0.0003,0.01882206,0.1487884521484375,686.4,11004.328139439225
3.9015421867370605,0.019907420873641966,1320,517.76,-0.24255214631557465,43253760,13190,5547,-42.53365287780762,0.9651865363121033,0.2,7772.124472420001,-0.019589899200946094,7797,0.0003,0.018922128,0.147052001953125,,
3.9454009532928467,0.016123691527172922,1330,525.14,-0.24605602025985718,43581440,13290,5547,-42.70141448974609,0.9717779159545898,0.2,8130.6834978900015,-0.019715584232471883,7855,0.0003,0.01862101,0.15755615234375,,
4.032034397125244,0.02072749799117446,1340,478.28,-0.2438955157995224,43909120,13390,5548,-42.969364166259766,0.9640109539031982,0.2,7368.990313309999,-0.01907566121662967,7914,0.0003,0.017989568,0.15245361328125,,
4.042314529418945,0.022146922070533037,,,-0.24633878469467163,44000000,13420,,-43.02415046691895,0.9585159420967102,0.2,,-0.019652960216626526,,0.0003,0.018849283,0.1451171875,485.4,7855.4627888321875
4.086338043212891,0.02064603688195348,1350,492.12,-0.24520641565322876,44236800,13490,5547,-43.15797023773193,0.9646880030632019,0.2,7568.47793805,-0.018954906449653208,7974,0.0003,0.018397134,0.1534210205078125,,
4.154336452484131,0.018042147718369962,1360,533.98,-0.24610576033592224,44564480,13590,5547,-43.37521171569824,0.9669851064682007,0.2,8277.6023893,-0.019312818918842824,8033,0.0003,0.018287221,0.15224609375,,
4.2266387939453125,0.019914104789495467,1370,525.49,-0.24981684982776642,44892160,13690,5547,-43.582885551452634,0.9632236957550049,0.2,7997.958268249999,-0.020770538912620394,8092,0.0003,0.020488556,0.160382080078125,,
4.247522830963135,0.01951166205108166,,,-0.24707825481891632,45000000,13730,,-43.65162410736084,0.9660260081291199,0.2,,-0.019433316768845542,,0.0003,0.018886581,0.1530426025390625,677.8,11041.455029940606
4.300956726074219,0.021334117371588947,1380,474.57,-0.24948959052562714,45219840,13790,5546,-43.83269481658935,0.9613312482833862,0.2,7308.541789640002,-0.01994629408000037,8153,0.0003,0.019199513,0.150115966796875,,
4.3795247077941895,0.020654121041297914,1390,528.23,-0.2503061890602112,45547520,13890,5546,-44.03567676544189,0.9613040089607239,0.2,8323.341926269999,-0.01986637818044983,8211,0.0003,0.019213364,0.157366943359375,,
4.438063144683838,0.02091168677434325,1400,531.79,-0.24928471446037292,45875200,13990,5547,-44.211675834655765,0.9614070057868958,0.2,8409.167888339998,-0.019196075666695834,8270,0.0003,0.018051064,0.1430389404296875,,
4.459499835968018,0.01797619848512113,,,-0.2521606981754303,46000000,14030,,-44.30856075286865,0.9662524461746216,0.2,,-0.019515375839546323,,0.0003,0.018715817,0.143743896484375,531.6,8763.978483804316
4.504307270050049,0.017386347195133565,1410,556.32,-0.25360628962516785,46202880,14090,5546,-44.43693656921387,0.9686089754104614,0.2,8765.80574672,-0.019497558439616113,8330,0.0003,0.017860658,0.14451904296875,,
4.565404415130615,0.021733931638300417,1420,520.79,-0.2525538206100464,46530560,14190,5546,-44.61999225616455,0.9649397134780884,0.2,8180.151881390001,-0.020048797549679875,8388,0.0003,0.019352788,0.1551727294921875,,
4.629575252532959,0.01972084864974022,1430,516.83,-0.2553761601448059,46858240,14290,5547,-44.821645164489745,0.9637818336486816,0.2,8073.11328921,-0.019954249972943216,8447,0.0003,0.017759252,0.144769287109375,,
4.653172016143799,0.023150185495615004,,,-0.2514263689517975,47000000,14340,,-44.89361133575439,0.9598302245140076,0.2,,-0.01911561016459018,,0.0003,0.018265573,0.153143310546875,411.4,5928.380608787015
4.695484638214111,0.023567068949341775,1440,517.14,-0.2546246647834778,47185920,14390,5546,-45.009006118774415,0.9597599506378174,0.2,7970.74066947,-0.020322280895197765,8507,0.0003,0.019798845,0.1560211181640625,,
4.767719745635986,0.018936936743557453,1450,531.88,-0.2571296989917755,47513600,14490,5547,-45.23115692138672,0.961653470993042,0.2,8387.98276397,-0.019740476045990364,8565,0.0003,0.018150553,0.143646240234375,,
4.843571186065674,0.02550577437505126,1460,496.91,-0.2581982910633087,47841280,14590,5547,-45.47470397949219,0.9517160654067993,0.2,7763.977228129999,-0.020581251673866062,8624,0.0003,0.018277679,0.146868896484375,,
4.877033233642578,0.02075058240443468,,,-0.25906139612197876,48000000,14640,,-45.53451995849609,0.9619631171226501,0.2,,-0.020348730508703738,,0.0003,0.018734809,0.1527435302734375,682.2,11004.816038407665
4.931426048278809,0.02067232895642519,1470,555.05,-0.2588355243206024,48168960,14690,5546,-45.64970798492432,0.9614177346229553,0.2,8746.02936986,-0.02042096460936591,8685,0.0003,0.01923821,0.154010009765625,,
5.013759613037109,0.018237354792654516,1480,532.7,-0.2596704065799713,48496640,14790,5546,-45.833818435668945,0.9666855335235596,0.2,8370.901292270002,-0.019109715765807778,8743,0.0003,0.01839709,0.1439056396484375,,
5.077822208404541,0.020097922906279563,1490,525.29,-0.2598262429237366,48824320,14890,5546,-46.02017440795898,0.9627240300178528,0.2,8253.07803664,-0.01955852981773205,8802,0.0003,0.019647509,0.1511566162109375,,
5.1220316886901855,0.02242054380476475,,,-0.2574252188205719,49000000,14950,,-46.13544063568115,0.9636062979698181,0.2,,-0.018717289576306938,,0.0003,0.018633194,0.1449554443359375,686.0,10926.822658245266
5.143558502197266,0.01993495346978307,1500,521.86,-0.2586174011230469,49152000,14990,5546,-46.21959247589111,0.9596230983734131,0.2,8234.02008225,-0.01845711742644198,8862,0.0003,0.017046094,0.1415069580078125,,
5.204982280731201,0.023327833600342275,1510,506.02,-0.25894299149513245,49479680,15090,5546,-46.38526668548584,0.9607847929000854,0.2,7905.88184581,-0.018631026905495673,8920,0.0003,0.018959632,0.1481353759765625,,
5.302361011505127,0.022288862708956005,1520,516.59,-0.2600606679916382,49807360,15190,5546,-46.690273475646975,0.9604836702346802,0.2,8220.57961806,-0.019049401732627303,8979,0.0003,0.018334063,0.1477142333984375,,
5.35014533996582,0.027806916646659373,,,-0.2623485028743744,50000000,15250,,-46.80872631072998,0.9490165710449219,0.2,,-0.019501445605419575,,0.0003,0.018982423,0.1507080078125,579.2,9075.153542939574
5.384859561920166,0.0168730812612921,1530,529.78,-0.26324692368507385,50135040,15290,5546,-46.87823123931885,0.9693301916122437,0.2,8400.34924635,-0.019221443287096917,9039,0.0003,0.017760228,0.1387451171875,,
5.492433547973633,0.020170283503830433,1540,508.54,-0.26531797647476196,50462720,15390,5546,-47.124159049987796,0.9604712724685669,0.2,7994.40666132,-0.019321185699664057,9098,0.0003,0.018602207,0.14996337890625,,
5.599160671234131,0.024281320068985222,1550,518.3,-0.26721423864364624,50790400,15490,5546,-47.36458053588867,0.9558858871459961,0.2,8044.074623069999,-0.020439563703257592,9156,0.0003,0.018236509,0.14681396484375,,
5.646913051605225,0.02204193826764822,,,-0.2646159529685974,51000000,15560,,-47.47392883300781,0.9584475159645081,0.2,,-0.018406092119403184,,0.0003,0.018768193,0.1454681396484375,625.8,10557.399234915525
5.664768218994141,0.017779334960505367,1560,491.94,-0.26522791385650635,51118080,15590,5545,-47.536560440063475,0.9669716358184814,0.2,7767.62835254,-0.018277750769630074,9217,0.0003,0.01836807,0.1408721923828125,,
5.766085147857666,0.017766447458416223,1570,538.86,-0.2683303654193878,51445760,15690,5546,-47.76856174468994,0.9638848304748535,0.2,8582.78092243,-0.01922324919141829,9276,0.0003,0.019093197,0.1531402587890625,,
5.889794826507568,0.024017116334289313,1580,491.69,-0.2681693434715271,51773440,15790,5546,-48.03457317352295,0.9587353467941284,0.2,7695.532714110001,-0.019149175100028514,9334,0.0003,0.023000002,0.15496826171875,,
5.9722371101379395,0.018288341583684087,,,-0.2720296382904053,52000000,15860,,-48.235178565979005,0.9661433100700378,0.2,,-0.019163478107657284,,0.0003,0.018654147,0.145849609375,531.0,8928.348449412919
6.002988815307617,0.02034819172695279,1590,552.18,-0.2730364203453064,52101120,15890,5545,-48.27082901000976,0.9642554521560669,0.2,8747.22635632,-0.019817633781349285,9394,0.0003,0.018871382,0.14708251953125,,
6.081551551818848,0.02387247225269675,1600,521.68,-0.2707847058773041,52428800,15990,5546,-48.43589916229248,0.9556947946548462,0.2,8233.26895775,-0.019316904462175443,9453,0.0003,0.017693419,0.1425384521484375,,
6.192270755767822,0.024089953303337096,1610,457.2,-0.27348965406417847,52756480,16090,5546,-48.65760345458985,0.9563760757446289,0.2,7092.369117040001,-0.020065490741399118,9511,0.0003,0.019745065,0.14390869140625,,
6.3082404136657715,0.018410680536180734,,,-0.27172309160232544,53000000,16170,,-48.862291717529295,0.9636518955230713,0.2,,-0.018140610289992764,,0.0003,0.017985111,0.1491302490234375,430.8,6808.461588599533
6.335280418395996,0.014737368328496814,1620,503.04,-0.27319326996803284,53084160,16190,5545,-48.92664337158203,0.9712467789649963,0.2,7949.979552739999,-0.017948519543278963,9571,0.0003,0.018089976,0.133245849609375,,
6.432993412017822,0.020753725338727234,1630,489.85,-0.2732585072517395,53411840,16290,5546,-49.12654762268066,0.9614087343215942,0.2,7761.83403101,-0.01885659549734555,9630,0.0003,0.018510932,0.1473175048828125,,
6.529058456420898,0.022702272050082684,1640,523.97,-0.2752988934516907,53739520,16390,5546,-49.32271728515625,0.9581062197685242,0.2,8319.90544758,-0.0193236835882999,9688,0.0003,0.018363982,0.155322265625,,
6.590114116668701,0.020918317046016453,,,-0.2763049304485321,54000000,16470,,-49.49061794281006,0.9613121151924133,0.2,,-0.019438757072202863,,0.0003,0.018835975,0.145220947265625,463.8,7850.5092407390475
6.595061302185059,0.019008406531065704,1650,520.47,-0.2763442397117615,54067200,16490,5546,-49.49927291870117,0.961361825466156,0.2,8298.84500628,-0.018761358689516783,9748,0.0003,0.018559992,0.1419342041015625,,
6.734572887420654,0.02081081010401249,1660,488.37,-0.2779860198497772,54394880,16590,5546,-49.766114234924316,0.9612047076225281,0.2,7707.532121490001,-0.019731583626708016,9807,0.0003,0.018512286,0.1434417724609375,,
6.851255893707275,0.021726035699248313,1670,497.81,-0.2780017554759979,54722560,16690,5546,-50.03805923461914,0.9559046626091003,0.2,7958.400139860001,-0.018822577525861563,9865,0.0003,0.017170735,0.134619140625,,
6.951243877410889,0.02602926390245557,,,-0.27876782417297363,55000000,16780,,-50.19377536773682,0.9547728300094604,0.2,,-0.01874617491848767,,0.0003,0.018585928,0.1406890869140625,516.2,8600.248995120823
6.962343692779541,0.0200611368753016,1680,488.3,-0.2809000015258789,55050240,16790,5545,-50.21398506164551,0.9661881923675537,0.2,7711.24468648,-0.01927312830230221,9926,0.0003,0.017262947,0.1394287109375,,
7.070732593536377,0.021367476787418127,1690,488.87,-0.27933624386787415,55377920,16890,5546,-50.40727920532227,0.9620503187179565,0.2,7779.960560109999,-0.01828891986515373,9984,0.0003,0.01807657,0.1420654296875,,
7.18371057510376,0.022452297527343033,1700,526.44,-0.2809366285800934,55705600,16990,5546,-50.60090713500976,0.9568353891372681,0.2,8317.695121899998,-0.01913440382340923,10042,0.0003,0.01830658,0.1367950439453125,,
7.331368446350098,0.019609220046550035,,,-0.280857115983963,56000000,17080,,-50.841630363464354,0.9618088603019714,0.2,,-0.018008337484207004,,0.0003,0.01826049,0.1367095947265625,554.4,9845.077627591696
7.3484063148498535,0.01873104991391301,1710,487.37,-0.2826879322528839,56033280,17090,5546,-50.860650825500485,0.9652973413467407,0.2,7770.091272620001,-0.018365584372077137,10103,0.0003,0.018103223,0.1412994384765625,,
7.44636869430542,0.019874997809529303,1720,477.82,-0.28297901153564453,56360960,17190,5546,-51.10916595458984,0.9664879441261292,0.2,7614.137887500001,-0.018556492135394363,10161,0.0003,0.018837545,0.1430267333984375,,
7.570713043212891,0.023128678929060696,1730,492.46,-0.284971684217453,56688640,17290,5547,-51.322207069396974,0.9538167715072632,0.2,7809.152081180001,-0.01862620811443776,10219,0.0003,0.018839635,0.1435638427734375,,
7.702649116516113,0.028197885490953922,,,-0.28430259227752686,57000000,17390,,-51.56563167572021,0.9498171806335449,0.2,,-0.019277791248168797,,0.0003,0.01772596,0.140435791015625,532.6,8905.90468802564
,,1740,483.06,,57016320,,5546,,,,7556.811488730001,,10280,,,,,
7.847095966339111,0.02220201725140214,1750,486.65,-0.28619110584259033,57344000,17490,5546,-51.78346118927002,0.9554105997085571,0.2,7853.33180349,-0.01809363324427977,10338,0.0003,0.017055254,0.138543701171875,,
7.97467041015625,0.020024481881409883,1760,492.26,-0.28956305980682373,57671680,17590,5546,-52.022421264648436,0.9614335894584656,0.2,7888.256797039999,-0.019084425823530184,10396,0.0003,0.018528767,0.1515228271484375,,
8.135519027709961,0.023549501225352286,1770,503.07,-0.2880580425262451,57999360,17690,5547,-52.26504039764404,0.9557778239250183,0.2,8061.21602894,-0.01846096736844629,10455,0.0003,0.018034521,0.1454742431640625,,
8.146061897277832,0.02088337605819106,,,-0.2923690378665924,58000000,17700,,-52.28226089477539,0.9605287313461304,0.2,,-0.019373639539116992,,0.0003,0.018469673,0.148382568359375,582.2,10008.456103023887
8.286558151245117,0.020782999880611896,1780,462.67,-0.2904403507709503,58327040,17790,5546,-52.50773029327392,0.9594577550888062,0.2,7408.69122391,-0.018056998535757884,10515,0.0003,0.017900797,0.140313720703125,,
8.404675483703613,0.015775805013254283,1790,552.01,-0.2928219139575958,58654720,17890,5547,-52.67892303466797,0.9696540236473083,0.2,8976.1243299,-0.018553143157623707,10573,0.0003,0.01873856,0.138116455078125,,
8.562760353088379,0.02004824234172702,1800,523.15,-0.2931491732597351,58982400,17990,5547,-52.91727085113526,0.960753858089447,0.2,8307.46741952,-0.018859292496927083,10632,0.0003,0.018182695,0.1395751953125,,
8.56999397277832,0.019863249268382788,,,-0.2949751615524292,59000000,18000,,-52.93641338348389,0.962472677230835,0.2,,-0.019727161701302974,,0.0003,0.018191226,0.1388763427734375,656.8,10881.284062904864
8.694897651672363,0.01872589997947216,1810,538.26,-0.293692409992218,59310080,18090,5546,-53.1262393951416,0.966472864151001,0.2,8654.819329859998,-0.018880257057026027,10693,0.0003,0.017595794,0.1406463623046875,,
8.811959266662598,0.026035403180867434,1820,505.07,-0.29305872321128845,59637760,18190,5546,-53.30024299621582,0.9514610171318054,0.2,8097.4891026899995,-0.018400814407505094,10751,0.0003,0.017300759,0.1320465087890625,,
8.947237014770508,0.019351609237492084,1830,481.96,-0.29724812507629395,59965440,18290,5547,-53.500373649597165,0.9666070342063904,0.2,7515.37710066,-0.019390986720100045,10810,0.0003,0.018613592,0.1367645263671875,,
8.973060607910156,0.023532342724502088,,,-0.29594686627388,60000000,18310,,-53.55794849395752,0.9594694375991821,0.2,,-0.018982306704856455,,0.0003,0.018174984,0.1351104736328125,639.0,10714.086991102993
9.072365760803223,0.021367338206619024,1840,484.66,-0.29879045486450195,60293120,18390,5546,-53.727385711669925,0.9600560069084167,0.2,7686.447077749999,-0.01901691269595176,10870,0.0003,0.017749704,0.1360443115234375,,
9.206124305725098,0.019200418423861266,1850,500.56,-0.2971463203430176,60620800,18490,5546,-53.91718444824219,0.9642270803451538,0.2,7935.021485260001,-0.01828201988246292,10929,0.0003,0.016985333,0.1302978515625,,
9.343687057495117,0.0187634595669806,1860,519.41,-0.29977381229400635,60948480,18590,5547,-54.10035095214844,0.9643074870109558,0.2,8312.01904413,-0.019149669719627126,10987,0.0003,0.018492326,0.1436798095703125,,
9.369656562805176,0.019686192832887174,,,-0.2993532121181488,61000000,18610,,-54.135824012756345,0.9638533592224121,0.2,,-0.01842732271179557,,0.0003,0.017217405,0.135736083984375,633.2,10897.143349158763
9.526577949523926,0.02240417068824172,1870,453.5,-0.29732340574264526,61276160,18690,5546,-54.27573871612549,0.9617709517478943,0.2,7204.263670950001,-0.01827958255307749,11048,0.0003,0.01751374,0.1380645751953125,,
9.654962539672852,0.021535211149603127,1880,465.35,-0.3009980022907257,61603840,18790,5546,-54.41981678009033,0.963347852230072,0.2,7417.0224986700005,-0.018541930988430978,11106,0.0003,0.01740631,0.13292236328125,,
9.826051712036133,0.02006449205800891,1890,497.56,-0.3001100718975067,61931520,18890,5547,-54.605438232421875,0.9614527225494385,0.2,7995.88897291,-0.018142263987101614,11164,0.0003,0.017926496,0.13583984375,,
9.893609046936035,0.02101005529984832,,,-0.3027031421661377,62000000,18920,,-54.69481182098389,0.9618685245513916,0.2,,-0.01971104716649279,,0.0003,0.018977389,0.1467071533203125,559.6,9381.322426427529
10.038883209228516,0.01659842152148485,1900,514.72,-0.304502934217453,62259200,18990,5546,-54.82114849090576,0.9696027636528015,0.2,8160.91625922,-0.018989445950137452,11225,0.0003,0.017302992,0.134765625,,
10.185759544372559,0.01620253100991249,1910,493.75,-0.3033948242664337,62586880,19090,5546,-54.98764419555664,0.9690205454826355,0.2,7880.1408630999995,-0.01819365088013001,11283,0.0003,0.017751604,0.140582275390625,,
10.327658653259277,0.01878489339724183,1920,469.6,-0.3035599887371063,62914560,19190,5547,-55.19049263000488,0.9631597399711609,0.2,7513.126753880002,-0.01834158431738615,11341,0.0003,0.018589554,0.1379913330078125,,
10.379712104797363,0.018849832750856877,,,-0.3056637644767761,63000000,19220,,-55.25327548980713,0.9646373391151428,0.2,,-0.01930171127896756,,0.0003,0.018643333,0.1408660888671875,609.4,10803.810043412504
10.456170082092285,0.02242295555770397,1930,487.07,-0.3025675415992737,63242240,19290,5546,-55.35833740234375,0.9564728736877441,0.2,7749.890681110001,-0.017787453602068126,11402,0.0003,0.0175968,0.136578369140625,,
10.597199440002441,0.01825694111175835,1940,494.54,-0.30663201212882996,63569920,19390,5546,-55.51686248779297,0.9636046290397644,0.2,8009.904455359999,-0.019206237728940322,11460,0.0003,0.018660728,0.1434478759765625,,
10.739986419677734,0.021221444103866817,1950,503.98,-0.30611929297447205,63897600,19490,5547,-55.687516403198245,0.9617109298706055,0.2,8121.661084230001,-0.01846446225536056,11519,0.0003,0.017069295,0.130499267578125,,
10.820072174072266,0.018300420278683303,,,-0.30652791261672974,64000000,19530,,-55.766879653930665,0.963811993598938,0.2,,-0.01830212348140776,,0.0003,0.017952777,0.13536376953125,652.6,11182.669453137181
10.902361869812012,0.01488013779744506,1960,525.96,-0.3074788749217987,64225280,19590,5546,-55.83174629211426,0.972963273525238,0.2,8469.98494863,-0.018607520894147456,11579,0.0003,0.01849908,0.1400604248046875,,
11.009750366210938,0.018764271400868893,1970,504.62,-0.30631306767463684,64552960,19690,5546,-55.954043769836424,0.9671062231063843,0.2,8096.849538719998,-0.017195478762732818,11638,0.0003,0.017370878,0.128778076171875,,
11.252703666687012,0.025500621274113656,1980,492.32,-0.3067547082901001,64880640,19790,5546,-56.155635070800784,0.9528984427452087,0.2,7864.385931129999,-0.01856793804327026,11696,0.0003,0.016671933,0.1338348388671875,,
11.304633140563965,0.019662229623645545,,,-0.3086327016353607,65000000,19830,,-56.241916465759275,0.9631825089454651,0.2,,-0.018551806482719257,,0.0003,0.018049967,0.1378326416015625,545.2,8986.77156862542
11.428696632385254,0.02665096428245306,1990,514.57,-0.3091985285282135,65208320,19890,5546,-56.38783550262451,0.9516561627388,0.2,8423.099209760001,-0.018580861715599896,11757,0.0003,0.019499224,0.1404632568359375,,
11.65115737915039,0.0214059891179204,2000,473.84,-0.310983806848526,65536000,19990,5546,-56.61362190246582,0.9602630138397217,0.2,7579.54040592,-0.01847693233285099,11815,0.0003,0.018015848,0.1380401611328125,,
11.830361366271973,0.02308927532285452,2010,488.14,-0.31331151723861694,65863680,20090,5546,-56.82177047729492,0.9561793208122253,0.2,7728.36918855,-0.01922797811566852,11874,0.0003,0.018837456,0.1416229248046875,,
11.946516990661621,0.020152855943888427,,,-0.3122604489326477,66000000,20140,,-56.950013160705566,0.9627737998962402,0.2,,-0.018694271752610802,,0.0003,0.018540245,0.1369293212890625,644.8,11158.310335660213
12.007887840270996,0.021153051964938642,2020,500.18,-0.3127455711364746,66191360,20190,5546,-57.047762107849124,0.9608938097953796,0.2,8105.78908699,-0.018333623360376805,11934,0.0003,0.01692599,0.1311492919921875,,
12.186521530151367,0.01904097991064191,2030,477.61,-0.31475701928138733,66519040,20290,5546,-57.25407447814941,0.9642412066459656,0.2,7599.92119682,-0.018890232662670314,11993,0.0003,0.018012587,0.12908935546875,,
12.392777442932129,0.01763671264052391,2040,537.18,-0.31646615266799927,66846720,20390,5546,-57.47438774108887,0.9648566246032715,0.2,8708.64655703,-0.018559337465558202,12051,0.0003,0.01812588,0.1382354736328125,,
12.48729419708252,0.02257263669744134,,,-0.31607964634895325,67000000,20440,,-57.61623744964599,0.9604471325874329,0.2,,-0.018567272869404405,,0.0003,0.018625226,0.130938720703125,514.8,8894.940267225355
12.58963394165039,0.021274381130933762,2050,524.91,-0.31599247455596924,67174400,20490,5546,-57.71843070983887,0.9591350555419922,0.2,8526.13197767,-0.018884095805697144,12112,0.0003,0.016804762,0.1239288330078125,,
12.837821960449219,0.0234473898075521,2060,465.97,-0.3162899911403656,67502080,20590,5546,-57.94193172454834,0.9562675356864929,0.2,7556.008366329999,-0.018367898603901266,12170,0.0003,0.017359879,0.1289398193359375,,
13.164470672607422,0.017822551634162666,2070,506.09,-0.31961750984191895,67829760,20690,5546,-58.18081512451172,0.9620974063873291,0.2,8139.370233289998,-0.018237862340174615,12229,0.0003,0.017737627,0.134820556640625,,
13.309466361999512,0.01877598837018013,,,-0.31993839144706726,68000000,20750,,-58.30296401977539,0.9641391634941101,0.2,,-0.018602399935480206,,0.0003,0.017537892,0.1387451171875,585.2,10006.328900866909
13.370445251464844,0.017669252352789044,2080,523.42,-0.3185124695301056,68157440,20790,5545,-58.386885452270505,0.9640223383903503,0.2,8581.727853170003,-0.017397632816573604,12289,0.0003,0.016929366,0.13197021484375,,
13.600533485412598,0.020915965270251035,2090,516.56,-0.3175157308578491,68485120,20890,5546,-58.55130729675293,0.9605973958969116,0.2,8243.77566316,-0.017188572022132576,12347,0.0003,0.01760288,0.1258575439453125,,
13.793347358703613,0.022678749449551106,2100,516.67,-0.31988412141799927,68812800,20990,5546,-58.714444160461426,0.9555607438087463,0.2,8406.072547329999,-0.017940251593245193,12406,0.0003,0.017268624,0.1351104736328125,,
13.996956825256348,0.016679946845397354,,,-0.32203567028045654,69000000,21050,,-58.87679882049561,0.9654074907302856,0.2,,-0.018431829716428184,,0.0003,0.0170035,0.1263031005859375,426.0,6998.277063441276
14.071439743041992,0.02129518799483776,2110,503.73,-0.3232493996620178,69140480,21090,5546,-58.95984039306641,0.9598621129989624,0.2,8097.92473389,-0.018106599297607318,12466,0.0003,0.017392628,0.124420166015625,,
14.366069793701172,0.022639594692736863,2120,497.31,-0.32447871565818787,69468160,21190,5546,-59.210754585266116,0.9563388228416443,0.2,8083.846828580002,-0.01938205675687641,12524,0.0003,0.01903981,0.1431121826171875,,
14.579239845275879,0.023971698340028526,2130,489.38,-0.32511037588119507,69795840,21290,5546,-59.41794929504395,0.953665018081665,0.2,7959.2147826,-0.018420133483596147,12582,0.0003,0.017560486,0.1267547607421875,,
14.733739852905273,0.024403341114521027,,,-0.32340794801712036,70000000,21360,,-59.49649505615234,0.9509881734848022,0.2,,-0.018002168060047553,,0.0003,0.0167955,0.1345916748046875,608.4,10572.678731773049
14.751710891723633,0.0189539335668087,2140,475.89,-0.3271423876285553,70123520,21390,5546,-59.5057373046875,0.96174556016922,0.2,7663.717072349999,-0.01872425473993644,12643,0.0003,0.017499581,0.1278045654296875,,
14.965335845947266,0.024459747411310673,2150,506.97,-0.324385404586792,70451200,21490,5546,-59.67286834716797,0.9508415460586548,0.2,8226.16550882,-0.01812648124760017,12702,0.0003,0.01861206,0.136724853515625,,
15.16637134552002,0.01926643876358867,2160,481.79,-0.3273356854915619,70778880,21590,5546,-59.8585168838501,0.9620966911315918,0.2,7828.247557130001,-0.01824155370122753,12760,0.0003,0.018646903,0.135577392578125,,
15.329595565795898,0.021997463796287774,,,-0.32770437002182007,71000000,21660,,-59.98086414337158,0.9598932862281799,0.2,,-0.018633432243950664,,0.0003,0.017346252,0.1336578369140625,401.8,6670.8028107307855
15.422822952270508,0.020996351167559622,2170,453.76,-0.3270302414894104,71106560,21690,5546,-60.02052612304688,0.9618194103240967,0.2,7323.294492829998,-0.017913284135283904,12820,0.0003,0.017578378,0.132879638671875,,
15.721277236938477,0.023411244992166756,2180,498.98,-0.32716867327690125,71434240,21790,5546,-60.27412433624268,0.9601248502731323,0.2,8141.872977659999,-0.01776404244592413,12878,0.0003,0.017338008,0.1266937255859375,,
15.95223331451416,0.01562634506262839,2190,488.05,-0.33156296610832214,71761920,21890,5547,-60.44587993621826,0.9698693752288818,0.2,7906.69066923,-0.01842992559541017,12936,0.0003,0.017106649,0.128173828125,,
16.0813045501709,0.024421095103025436,,,-0.3299229145050049,72000000,21970,,-60.53020343780518,0.9520399570465088,0.2,,-0.01856090596411377,,0.0003,0.018003957,0.1310516357421875,659.6,11094.199530398846
16.174406051635742,0.023529448080807924,2200,480.31,-0.3285878896713257,72089600,21990,5546,-60.5935920715332,0.9564481973648071,0.2,7716.23015369,-0.017513926955871284,12997,0.0003,0.01753062,0.128594970703125,,
16.48239517211914,0.023909972887486218,2210,462.59,-0.3294852375984192,72417280,22090,5546,-60.82057476043701,0.955623984336853,0.2,7416.354136330001,-0.017557411349844187,13055,0.0003,0.016159408,0.1236846923828125,,
16.682104110717773,0.01853862460702658,2220,490.72,-0.33355578780174255,72744960,22190,5547,-61.03115863800049,0.9654470682144165,0.2,7759.38948714,-0.01833713282831013,13113,0.0003,0.0175456,0.1288848876953125,,
16.94249725341797,0.02173204245045781,,,-0.33349961042404175,73000000,22270,,-61.18895244598389,0.9559549689292908,0.2,,-0.018624426005408166,,0.0003,0.018123982,0.1288604736328125,465.6,7924.759564578533
16.96662712097168,0.024737230129539968,2230,503.21,-0.33254146575927734,73072640,22290,5546,-61.20820255279541,0.9564940333366394,0.2,8123.62303472,-0.018578417599201202,13174,0.0003,0.018381227,0.129852294921875,,
17.177017211914062,0.01655839867889881,2240,537.04,-0.33652836084365845,73400320,22390,5546,-61.31742820739746,0.9673596024513245,0.2,8789.406098219999,-0.01869288833695464,13232,0.0003,0.017850425,0.1368499755859375,,
17.45006561279297,0.021725949831306934,2250,504.92,-0.33493486046791077,73728000,22490,5547,-61.468859100341795,0.9613412022590637,0.2,8216.36215538,-0.018175373479607515,13290,0.0003,0.017915014,0.1338592529296875,,
17.613306045532227,0.026736821513623,,,-0.3352278172969818,74000000,22580,,-61.62093620300293,0.9487407207489014,0.2,,-0.018012478668242692,,0.0003,0.016525302,0.126409912109375,641.4,11070.243570944667
17.64138412475586,0.02342515140771866,2260,495.46,-0.33681899309158325,74055680,22590,5546,-61.643142509460446,0.9554575681686401,0.2,7971.9911348900005,-0.018589684850303455,13351,0.0003,0.017296676,0.128070068359375,,
17.99248504638672,0.020014035608619453,2270,493.51,-0.3380630314350128,74383360,22690,5546,-61.854967308044436,0.9624683856964111,0.2,7904.94661628,-0.01858642361476086,13410,0.0003,0.01881849,0.1321746826171875,,
18.443492889404297,0.02003062218427658,2280,481.62,-0.3376244604587555,74711040,22790,5547,-62.10279769897461,0.9601762294769287,0.2,7715.63765008,-0.01856110611697659,13468,0.0003,0.018101215,0.1316070556640625,,
18.742694854736328,0.02084901453927159,,,-0.33818483352661133,75000000,22880,,-62.29916267395019,0.9602175354957581,0.2,,-0.01857446962967515,,0.0003,0.01782269,0.1387542724609375,646.8,11143.39085165374
18.770763397216797,0.02543436624109745,2290,472.36,-0.33904126286506653,75038720,22890,5546,-62.319900321960446,0.9545084834098816,0.2,7647.525127739999,-0.01865745880350005,13529,0.0003,0.016898582,0.1241912841796875,,
19.05826759338379,0.021829904429614543,2300,475.52,-0.3402160108089447,75366400,22990,5546,-62.511160659790036,0.9620487689971924,0.2,7720.542165239999,-0.018717257736716418,13587,0.0003,0.01814966,0.1297698974609375,,
19.404691696166992,0.021623568888753653,2310,511.92,-0.3404403030872345,75694080,23090,5547,-62.758675003051756,0.9588742852210999,0.2,8342.51528395,-0.017770504066720604,13645,0.0003,0.018101363,0.12559814453125,,
19.81920051574707,0.024974982999265195,,,-0.3409677743911743,76000000,23190,,-62.96652545928955,0.9515041708946228,0.2,,-0.018205378274433314,,0.0003,0.017417287,0.1305419921875,475.8,7689.270473450422
,,2320,507.87,,76021760,,5546,,,,8275.61567111,,13705,,,,,
20.073387145996094,0.023401998821645974,2330,524.87,-0.34454354643821716,76349440,23290,5546,-63.11533489227295,0.952656626701355,0.2,8601.695907050002,-0.01881827088072896,13764,0.0003,0.017959878,0.128472900390625,,
20.58951759338379,0.023705019522458314,2340,447.32,-0.3418407142162323,76677120,23390,5547,-63.319675827026366,0.953689455986023,0.2,7145.912584720001,-0.017955658165737985,13822,0.0003,0.017282583,0.125341796875,,
20.92926025390625,0.022405009251087904,,,-0.34391748905181885,77000000,23490,,-63.472127723693845,0.9589119553565979,0.2,,-0.01753504460211843,,0.0003,0.017369002,0.127557373046875,629.2,10886.376269102097
,,2350,529.45,,77004800,,5546,,,,8500.88123281,,13883,,,,,
21.32019805908203,0.015793537301942707,2360,499.51,-0.3476448655128479,77332480,23590,5546,-63.671725845336915,0.9696765542030334,0.2,8056.84373936,-0.018647383124334737,13941,0.0003,0.017825149,0.131890869140625,,
21.787792205810547,0.014735916256904602,2370,495.42,-0.34748268127441406,77660160,23690,5547,-63.89624252319336,0.9717976450920105,0.2,8039.039896900002,-0.018142163567245007,13999,0.0003,0.016969131,0.1271820068359375,,
22.165422439575195,0.01622015773318708,2380,507.65,-0.350082665681839,77987840,23790,5547,-64.05694465637207,0.9667356014251709,0.2,8147.802629830001,-0.0180148322484456,14058,0.0003,0.01618514,0.1269012451171875,,
22.22380256652832,0.022214186005294324,,,-0.348804235458374,78000000,23800,,-64.07257308959962,0.9622486233711243,0.2,,-0.019024783535860477,,0.0003,0.017535985,0.1291534423828125,589.8,10033.484642047435
22.57250213623047,0.01802663099952042,2390,477.2,-0.3501111567020416,78315520,23890,5546,-64.2529727935791,0.9663673639297485,0.2,7692.8728094399985,-0.018580678943544628,14118,0.0003,0.017294627,0.126678466796875,,
23.15416717529297,0.021912263240665197,2400,509.24,-0.3496248424053192,78643200,23990,5547,-64.48051948547364,0.9576115608215332,0.2,8287.05080868,-0.018252795492298902,14176,0.0003,0.017079778,0.1247161865234375,,
23.600360870361328,0.019009857997298242,2410,530.89,-0.35034099221229553,78970880,24090,5547,-64.67426071166992,0.9650017023086548,0.2,8702.15475844,-0.017792776942951605,14235,0.0003,0.01644434,0.1318634033203125,,
23.62596321105957,0.01729279262945056,,,-0.3506653606891632,79000000,24100,,-64.70523300170899,0.9678524732589722,0.2,,-0.017438295000465585,,0.0003,0.016704585,0.128106689453125,632.6,11015.412847591937
24.068782806396484,0.019096637796610593,2420,482.09,-0.3514825105667114,79298560,24190,5546,-64.90438461303711,0.9651041030883789,0.2,7735.043434110001,-0.017695873879711145,14296,0.0003,0.016751051,0.1289154052734375,,
24.492237091064453,0.020593125093728303,2430,500.96,-0.3507942259311676,79626240,24290,5547,-65.05902671813965,0.9615738391876221,0.2,8251.7711838,-0.01770946671022102,14354,0.0003,0.017275125,0.1283477783203125,,
24.85099983215332,0.01840203795582056,2440,503.25,-0.3547251224517822,79953920,24390,5547,-65.22001419067382,0.965028703212738,0.2,8143.17362917,-0.01809044015244581,14412,0.0003,0.01614509,0.1183135986328125,,
24.96558952331543,0.020994289312511683,,,-0.35237881541252136,80000000,24410,,-65.25724143981934,0.9600126147270203,0.2,,-0.017551503897993825,,0.0003,0.01574908,0.1170501708984375,627.0,10880.933737005293
